Country,Date,Local price,Dollar ex,Dollar price,Dollar PPP,Dollar valuation
Argentina,1/1/16,33,13.80925,2.389702554,6.693711968,-51.52733155
Argentina,7/1/15,28,9.135,3.0651341,5.845511482,-36.00972652
Argentina,1/1/15,28,8.61,3.25203252,5.845511482,-32.10788058
Argentina,7/1/14,21,8.16875,2.570772762,4.379562044,-46.38638661
Argentina,1/1/14,21,6.92125,3.034134008,4.541358803,-34.38528007
Argentina,7/1/13,21,5.4125,3.879907621,4.608632041,-14.85206391
Argentina,1/1/13,19,4.9765,3.817944338,4.350418585,-12.58075787
Argentina,7/1/12,19,4.56625,4.160963592,4.390525708,-3.848328329
Argentina,1/1/12,20,4.3135,4.636606004,4.765058777,10.46850068
Argentina,7/1/11,20,4.1325,4.83968542,4.9200492,19.05745192
Argentina,7/1/10,14,3.93375,3.558945027,3.75,-4.671115348
Argentina,1/1/10,7,3.7985,1.842832697,1.955307263,-48.52422634
Argentina,7/1/09,11.5,3.81125,3.017382748,3.221288515,-15.47947483
Argentina,6/1/08,11,3.0195,3.64298725,3.081232493,2.044460772
Argentina,6/1/07,8.25,3.0915,2.668607472,2.419354839,-21.74171636
Argentina,1/1/07,8.25,3.08875,2.670983408,2.562111801,-17.05020474
Argentina,5/1/06,7,3.0565,2.290201211,2.258064516,-26.1225416
Argentina,1/1/06,4.75,3.0638,1.550362295,1.507936508,-50.78214936
Argentina,6/1/05,4.75,2.897,1.639627201,1.552287582,-46.41741175
Argentina,5/1/04,4.36,2.95,1.48,1.503448276,-49.03565167
Argentina,4/1/03,4.1,2.88,1.4,1.512915129,-47.46822468
Argentina,4/1/02,2.5,3.13,0.78,1.004016064,-67.92280945
Argentina,4/1/01,2.5,1,2.5,0.984251969,-1.57480315
Argentina,4/1/00,2.5,1,2.5,0.996015936,-0.398406375
Australia,1/1/16,5.3,1.415728746,3.743655,1.07505071,-24.0637931
Australia,7/1/15,5.3,1.35126005,3.922265,1.106471816,-18.11555324
Australia,1/1/15,5.3,1.227219734,4.318705,1.106471816,-9.83914405
Australia,7/1/14,5.1,1.059378145,4.814145,1.063607925,0.399270073
Australia,1/1/14,5.05,1.128859288,4.4735425,1.092088665,-3.257325644
Australia,7/1/13,5.035,1.089858863,4.61986425,1.104974396,1.38692575
Australia,1/1/13,4.7,0.959094615,4.900455,1.076156176,12.20542371
Australia,7/1/12,4.56,0.974326497,4.680156,1.05372617,8.149185442
Australia,1/1/12,4.8,0.972337012,4.93656,1.143614106,17.61499278
Australia,7/1/11,4.56,0.922381589,4.943724,1.121771218,21.61682657
Australia,7/1/10,4.35,1.133722578,3.8369175,1.165178571,2.774575893
Australia,1/1/10,4.35,1.09355,3.977870239,1.215083799,11.11369383
Australia,7/1/09,4.34,1.2869,3.372445411,1.215686275,-5.533741976
Australia,6/1/08,3.45,1.026,3.362573099,0.966386555,-5.810277327
Australia,6/1/07,3.45,1.17,2.948717949,1.011730205,-13.52733288
Australia,1/1/07,3.45,1.266865,2.723257806,1.071428571,-15.42677622
Australia,5/1/06,3.25,1.33253,2.438969479,1.048387097,-21.32356519
Australia,1/1/06,3.25,1.3308,2.442140066,1.031746032,-22.47174393
Australia,6/1/05,3.25,1.3015,2.497118709,1.062091503,-18.39481343
Australia,5/1/04,3.25,1.43,2.27,1.120689655,-21.63009404
Australia,4/1/03,3,1.61,1.8,1.10701107,-31.24154844
Australia,4/1/02,3,1.86,1.62,1.204819277,-35.22477005
Australia,4/1/01,3,1.98,1.52,1.181102362,-40.34836555
Australia,4/1/00,2.59,1.68,1.54,1.03187251,-38.57901726
Austria,1/1/16,3.5,0.930232558,3.7625,0.709939148,-23.68154158
Austria,7/1/15,3.39,0.912700224,3.7142535,0.707724426,-22.45817328
Austria,1/1/15,3.39,0.863073404,3.9278235,0.707724426,-17.99950939
Austria,7/1/14,3.39,0.742748914,4.5641265,0.706986444,-4.814880083
Austria,1/1/14,3.39,0.737218475,4.5983655,0.733105064,-0.557963597
Austria,7/1/13,3.39,0.777756173,4.3586925,0.743964887,-4.344714704
Austria,1/1/13,3.39,0.736946829,4.6000605,0.776206263,5.327308894
Austria,7/1/12,3.19,0.824844311,3.8673965,0.737146158,-10.6320855
Austria,1/1/12,3.09,0.788239467,3.9201285,0.736201581,-6.601786421
Austria,7/1/11,3.09,0.697520315,4.4299785,0.760147601,8.978560886
Belgium,1/1/16,3.95,0.930232558,4.24625,0.801217039,-13.86916836
Belgium,7/1/15,3.7,0.912700224,4.053905,0.772442589,-15.36732777
Belgium,1/1/15,3.7,0.863073404,4.287005,0.772442589,-10.50093946
Belgium,7/1/14,3.7,0.742748914,4.981495,0.771637122,3.889363921
Belgium,1/1/14,3.95,0.737218475,5.3579775,0.854207965,15.86903947
Belgium,7/1/13,3.7,0.777756173,4.757275,0.811997074,4.402523775
Belgium,1/1/13,3.8,0.736946829,5.15641,0.870083717,18.06600997
Belgium,7/1/12,3.8,0.824844311,4.60693,0.878105142,6.457076834
Belgium,1/1/12,3.7,0.788239467,4.694005,0.881535874,11.83604862
Belgium,7/1/11,3.75,0.697520315,5.3761875,0.922509225,32.25553506
Brazil,1/1/16,13.5,4.0248,3.354203936,2.738336714,-31.96340901
Brazil,7/1/15,13.5,3.15235,4.28251939,2.818371608,-10.59458475
Brazil,1/1/15,13.5,2.59275,5.206826728,2.818371608,8.702019382
Brazil,7/1/14,13,2.22025,5.855196487,2.711157456,22.11045854
Brazil,1/1/14,12.4,2.36305,5.247455619,2.681564246,13.47894652
Brazil,7/1/13,12,2.27065,5.284830335,2.633504023,15.98018292
Brazil,1/1/13,11.25,1.99335,5.64376552,2.575905741,29.22496004
Brazil,7/1/12,10.08,2.04215,4.935974341,2.329289428,14.06064335
Brazil,1/1/12,10.25,1.805,5.67867036,2.442092623,35.29599021
Brazil,7/1/11,9.5,1.5416,6.162428646,2.33702337,51.59726065
Brazil,7/1/10,8.71,1.77495,4.907180484,2.333035714,31.44233439
Brazil,1/1/10,8.2,1.7233,4.75831254,2.290502793,32.9137581
Brazil,7/1/09,8.03,1.9971,4.020830204,2.24929972,12.62829703
Brazil,6/1/08,7.5,1.5846,4.733055661,2.100840336,32.57858994
Brazil,6/1/07,6.9,1.913,3.606900157,2.023460411,5.774198147
Brazil,1/1/07,6.4,2.1335,2.999765643,1.98757764,-6.839576295
Brazil,5/1/06,6.4,2.3045,2.777175092,2.064516129,-10.4137067
Brazil,1/1/06,6.2,2.2615,2.741543224,1.968253968,-12.96688179
Brazil,6/1/05,5.9,2.4648,2.393703343,1.928104575,-21.77440055
Brazil,5/1/04,5.4,3.18,1.7,1.862068966,-41.44437215
Brazil,4/1/03,4.55,3.07,1.44,1.67896679,-45.31052802
Brazil,4/1/02,3.6,2.34,1.55,1.445783133,-38.21439605
Brazil,4/1/01,3.6,2.19,1.64,1.417322835,-35.28206234
Brazil,4/1/00,2.95,1.79,1.65,1.175298805,-34.34084889
Britain,1/1/16,2.89,0.684532977,4.2218565,0.586206897,-14.36396552
Britain,7/1/15,2.89,0.640450877,4.512446,0.603340292,-5.794446764
Britain,1/1/15,2.89,0.661594443,4.368235,0.603340292,-8.805114823
Britain,7/1/14,2.89,0.586785589,4.925138,0.602711157,2.714035454
Britain,1/1/14,2.79,0.603009015,4.6267965,0.603351955,0.056871508
Britain,7/1/13,2.69,0.669142494,4.0200705,0.590343819,-11.77606803
Britain,1/1/13,2.69,0.633211968,4.2481825,0.615927684,-2.729620531
Britain,7/1/12,2.69,0.646266197,4.1623715,0.621606008,-3.815794339
Britain,1/1/12,2.49,0.651253663,3.823395,0.593249818,-8.906490487
Britain,7/1/11,2.39,0.614137444,3.891637,0.587945879,-4.264772448
Britain,7/1/10,2.29,0.657375756,3.483548,0.613392857,-6.690678571
Britain,1/1/10,2.29,0.623752495,3.671328,0.639664804,2.551061453
Britain,7/1/09,2.29,0.620886626,3.688274,0.641456583,-3.206757416
Britain,6/1/08,2.29,0.501039657,4.5704965,0.641456583,28.02511204
Britain,6/1/07,1.99,0.496610632,4.0071635,0.583577713,17.5121261
Britain,1/1/07,1.94,0.506034461,3.833731,0.602484472,19.05996894
Britain,5/1/06,1.94,0.531801744,3.647976,0.625806452,17.67664516
Britain,1/1/06,1.88,0.566925563,3.316132,0.596825397,-5.009812637
Britain,6/1/05,1.88,0.546448087,3.4404,0.614379085,12.43137255
Britain,5/1/04,1.88,0.558659218,3.37,0.648275862,16.04137931
Britain,4/1/03,1.99,0.632911392,3.08,0.734317343,16.02214022
Britain,4/1/02,1.99,0.689655172,2.88,0.799196787,15.88353414
Britain,4/1/01,1.99,0.699300699,2.85,0.783464567,12.03543307
Britain,4/1/00,1.9,0.632911392,3,0.756972112,19.60159363
Canada,1/1/16,5.84,1.4092,4.144195288,1.184584178,-15.93924365
Canada,7/1/15,5.85,1.2897,4.53593859,1.221294363,-5.303996026
Canada,1/1/15,5.7,1.22855,4.639615807,1.189979123,-3.139544734
Canada,7/1/14,5.64,1.07405,5.251152181,1.176225235,9.513079896
Canada,1/1/14,5.54,1.1051,5.013120985,1.198053703,8.411338645
Canada,7/1/13,5.53,1.05125,5.260404281,1.213606437,15.44413198
Canada,1/1/13,5.41,1.0029,5.394356367,1.23872445,23.51425363
Canada,7/1/12,5.12,1.01945,5.022315955,1.183131138,16.05582795
Canada,1/1/12,4.73,1.02095,4.632939909,1.126936401,10.38115488
Canada,7/1/11,4.73,0.94585,5.000792938,1.163591636,23.02073647
Canada,7/1/10,4.17,1.04235,4.000575622,1.116964286,7.1582756
Canada,1/1/10,4.12,1.0368,3.973765432,1.150837989,10.99903442
Canada,7/1/09,3.89,1.16085,3.350992807,1.089635854,-6.134655266
Canada,6/1/08,4.09,1.00355,4.075531862,1.145658263,14.16055636
Canada,6/1/07,3.88,1.05345,3.683136361,1.137829912,8.009863973
Canada,1/1/07,3.63,1.17485,3.089756139,1.127329193,-4.044840401
Canada,5/1/06,3.52,1.12045,3.141594895,1.135483871,1.341770803
Canada,1/1/06,3.52,1.1704,3.007518797,1.117460317,-4.523212794
Canada,6/1/05,3.28,1.2494,2.625260125,1.071895425,-14.20718546
Canada,5/1/04,3.19,1.37,2.33,1.1,-19.7080292
Canada,4/1/03,3.2,1.45,2.17,1.180811808,-18.56470289
Canada,4/1/02,3.33,1.57,2.12,1.337349398,-14.81850971
Canada,4/1/01,3.33,1.56,2.14,1.311023622,-15.96002423
Canada,4/1/00,2.85,1.47,1.94,1.135458167,-22.7579478
Chile,1/1/16,2100,715.215,2.93618003,425.9634888,-40.44259574
Chile,7/1/15,2100,642.45,3.268736867,438.4133612,-31.75914683
Chile,1/1/15,2100,627.485,3.346693546,438.4133612,-30.13165874
Chile,7/1/14,2100,564.14,3.722480235,437.9562044,-22.3674612
Chile,1/1/14,2000,541.95,3.690377341,432.5103622,-20.19367797
Chile,7/1/13,2000,508.155,3.935806988,438.9173372,-13.62530385
Chile,1/1/13,2050,471.75,4.345521993,469.3872683,-0.500844018
Chile,7/1/12,2050,493.05,4.157793327,473.7146158,-3.921586892
Chile,1/1/12,2050,506.05,4.050983104,488.4185246,-3.484137014
Chile,7/1/11,1850,462.75,3.997839006,455.104551,-1.652176976
Chile,7/1/10,1750,523.65,3.34192686,468.75,-10.48410198
Chile,1/1/10,1600,503.1,3.18028225,446.9273743,-11.16530028
Chile,7/1/09,1750,548.55,3.190228785,490.1960784,-10.63784916
Chile,6/1/08,1550,494.65,3.133528758,434.1736695,-12.22608522
Chile,6/1/07,1565,526.75,2.971048885,458.9442815,-12.87246673
Chile,1/1/07,1670,540.15,3.091733778,518.6335404,-3.983423054
Chile,5/1/06,1560,529.95,2.943673932,503.2258065,-5.042776403
Chile,1/1/06,1560,522.75,2.984218077,495.2380952,-5.262918175
Chile,6/1/05,1500,592.45,2.531859229,490.1960784,-17.25950233
Chile,5/1/04,1400,641,2.18,482.7586207,-24.68664264
Chile,4/1/03,1400,716,1.95,516.6051661,-27.8484405
Chile,4/1/02,1400,655,2.16,562.248996,-14.16045863
Chile,4/1/01,1260,601,2.1,496.0629921,-17.46040064
Chile,4/1/00,1260,514,2.45,501.9920319,-2.33618057
China,1/1/16,17.6,6.5582,2.6836632,3.569979716,-45.56464097
China,7/1/15,17,6.2092,2.737872834,3.549060543,-42.84190326
China,1/1/15,17.2,6.2115,2.769057394,3.590814196,-42.19086861
China,7/1/14,16.9,6.1983,2.726554055,3.524504692,-43.13755881
China,1/1/14,16.6,6.0513,2.743212202,3.589836006,-40.67661484
China,7/1/13,16,6.1341,2.608369606,3.511338698,-42.7570679
China,1/1/13,16,6.2204,2.572181853,3.663510387,-41.10490664
China,7/1/12,15.65,6.3885,2.44971433,3.616406701,-43.39192766
China,1/1/12,15.4,6.3155,2.438445095,3.669095258,-41.90332898
China,7/1/11,14.65,6.445,2.273079907,3.603936039,-44.08167511
China,7/1/10,13.2,6.7769,1.947793239,3.535714286,-47.82696682
China,1/1/10,12.5,6.8272,1.830911648,3.491620112,-48.85721655
China,7/1/09,12.5,6.8327,1.82943785,3.50140056,-48.75524229
China,6/1/08,12.5,6.834,1.829089845,3.50140056,-48.76499034
China,6/1/07,11,7.6047,1.446473891,3.225806452,-57.58141082
China,1/1/07,11,7.7743,1.414918385,3.416149068,-56.05843525
China,5/1/06,10.5,8.026,1.308248193,3.387096774,-57.79844538
China,1/1/06,10.5,8.0641,1.302067187,3.333333333,-58.66453376
China,6/1/05,10.5,8.2764,1.268667537,3.431372549,-58.54027658
China,5/1/04,10.4,8.28,1.26,3.586206897,-56.68832251
China,4/1/03,9.9,8.28,1.2,3.653136531,-55.87999358
China,4/1/02,10.5,8.28,1.27,4.21686747,-49.07164891
China,4/1/01,9.9,8.28,1.2,3.897637795,-52.92707977
China,4/1/00,9.9,8.28,1.2,3.944223108,-52.36445522
Colombia,1/1/16,7900,3253.9,2.427855804,1602.434077,-50.75343197
Colombia,7/1/15,7900,2708.9,2.916312895,1649.269311,-39.11664103
Colombia,1/1/15,7900,2364.98,3.340408798,1649.269311,-30.26286433
Colombia,7/1/14,8600,1847.65,4.654561199,1793.534932,-2.928859242
Colombia,1/1/14,8600,1982.795,4.337311724,1859.794558,-6.203386756
Colombia,7/1/13,8600,1921,4.476834982,1887.34455,-1.751975528
Colombia,1/1/13,8600,1773.175,4.850057101,1969.136833,11.05146605
Colombia,7/1/12,8600,1804.475,4.765929148,1987.290583,10.13123393
Colombia,1/1/12,8400,1852.15,4.535269822,2001.324686,8.054136346
Colombia,7/1/11,8400,1770.5,4.74442248,2066.420664,16.71396014
Colombia,7/1/10,8200,1868.45,4.388664401,2196.428571,17.55351074
Colombia,1/1/10,8200,2095.6,3.912960489,2296.918768,9.606736377
Colombia,7/1/09,7000,2095.6,3.340332124,1960.784314,-6.433273825
Colombia,6/1/08,7000,1798.65,3.891807745,1960.784314,9.014222541
Colombia,6/1/07,6900,1956,3.527607362,2023.460411,3.448896245
Colombia,1/1/07,6900,2239.325,3.081285655,2142.857143,-4.307898904
Colombia,5/1/06,6500,2503.6,2.596261384,2096.774194,-16.24963279
Colombia,6/1/05,6500,2327.7,2.792456073,2124.183007,-8.743265604
Colombia,5/1/04,6500,2769.83,2.346714419,2241.37931,-19.07881313
Costa Rica,1/1/16,2150,535.25,4.016814573,436.1054767,-18.52303098
Costa Rica,7/1/15,2150,533.3,4.031501969,448.8517745,-15.83503197
Costa Rica,1/1/15,2150,536.09,4.010520622,448.8517745,-16.27305592
Costa Rica,7/1/14,2150,537.3,4.001488926,448.3837331,-16.54871895
Costa Rica,1/1/14,2150,501.92,4.283551164,464.9486394,-7.365986732
Costa Rica,7/1/13,2150,498.675,4.311425277,471.8361375,-5.382034887
Costa Rica,1/1/13,2200,500.83,4.392708105,503.7326782,0.579573553
Costa Rica,7/1/12,1200,501.015,2.39513787,277.2963605,-44.65308215
Costa Rica,1/1/12,2050,509.54,4.023236645,488.4185246,-4.145204568
Costa Rica,7/1/11,2050,504.305,4.065000347,504.3050431,8.54E-06
Costa Rica,7/1/10,2000,522.115,3.830573724,535.7142857,2.604653326
Costa Rica,1/1/10,2050,582.57,3.518890434,574.2296919,-1.431640511
Costa Rica,7/1/09,2000,582.57,3.433063838,560.2240896,-3.83574684
Costa Rica,6/1/08,1800,551.02,3.266669086,504.2016807,-8.496664246
Costa Rica,6/1/07,1130,518.625,2.178838274,331.3782991,-36.10444943
Costa Rica,1/1/07,1130,509.535,2.217708303,350.931677,-31.12707135
Costa Rica,5/1/06,1130,509.535,2.217708303,364.516129,-28.46102249
Costa Rica,6/1/05,1130,475.3,2.377445824,369.2810458,-22.30569204
Costa Rica,5/1/04,1130,433.55,2.606389113,389.6551724,-10.12451334
Czech Republic,1/1/16,75,25.1442,2.982795237,15.21298174,-39.49705401
Czech Republic,7/1/15,70,24.70225,2.833749962,14.61377871,-40.84029307
Czech Republic,1/1/15,70.45,24.13325,2.919208975,14.70772443,-39.05618006
Czech Republic,7/1/14,70.45,20.3877,3.455514845,14.6923879,-27.93503973
Czech Republic,1/1/14,70.45,20.2838,3.473215078,15.23517751,-24.88992443
Czech Republic,7/1/13,70.45,20.1828,3.490595953,15.4608632,-23.39584595
Czech Republic,1/1/13,70.33,18.89495,3.722158566,16.10341785,-14.77395894
Czech Republic,7/1/12,70.33,21.048,3.34141011,16.25187753,-22.7865948
Czech Republic,1/1/12,70.22,20.36535,3.448013415,16.73012137,-17.85006707
Czech Republic,7/1/11,69.32,17.0219,4.072400848,17.05289053,0.182062689
Czech Republic,7/1/10,67.64,19.7476,3.425226357,18.11785714,-8.252865448
Czech Republic,1/1/10,67.64,18.21005,3.714432415,18.89385475,3.755095393
Czech Republic,7/1/09,67.92,18.66155,3.63956906,19.02521008,1.948713178
Czech Republic,6/1/08,66.08,14.49795,4.55788577,18.50980392,27.67187031
Czech Republic,6/1/07,52.9,21.11675,2.505120343,15.51319648,-26.53606033
Czech Republic,1/1/07,52.1,21.50115,2.423126205,16.18012422,-24.74763339
Czech Republic,5/1/06,59.05,22.1078,2.671002994,19.0483871,-13.83861308
Czech Republic,1/1/06,62,23.8375,2.600943891,19.68253968,-17.43035267
Czech Republic,6/1/05,56.42,24.5409,2.299019188,18.4379085,-24.86865397
Czech Republic,5/1/04,56.42,26.5,2.13,19.45517241,-26.58425504
Czech Republic,4/1/03,56.57,28.9,1.91,20.87453875,-27.76976213
Czech Republic,4/1/02,56.28,34,1.66,22.60240964,-33.52232459
Czech Republic,4/1/01,56,39,1.43,22.04724409,-43.46860489
Czech Republic,4/1/00,54.37,39.1,1.39,21.66135458,-44.60011616
Denmark,1/1/16,30,6.9405,4.322455155,6.085192698,-12.32342486
Denmark,7/1/15,34.59,6.81105,5.078512124,7.221294363,6.023217613
Denmark,1/1/15,34.5,6.4174,5.376008976,7.202505219,12.23400784
Denmark,7/1/14,28.5,5.5388,5.145518885,5.943691345,7.310091449
Denmark,1/1/14,28.5,5.5014,5.180499509,6.163272662,12.03098596
Denmark,7/1/13,28.5,5.8006,4.913284833,6.254572056,7.82629479
Denmark,1/1/13,28.5,5.49795,5.183750307,6.525627877,18.69201933
Denmark,7/1/12,28.5,6.1356,4.645022492,6.585788562,7.337319276
Denmark,1/1/12,31.5,5.86135,5.37418854,7.504967574,28.04162136
Denmark,7/1/11,28.5,5.19845,5.482403409,7.011070111,34.86847254
Denmark,7/1/10,28.5,5.81365,4.902255898,7.633928571,31.31042583
Denmark,1/1/10,30.94,5.16195,5.99385891,8.642458101,67.42622653
Denmark,7/1/09,29.5,5.3375,5.526932084,8.263305322,54.81602477
Denmark,6/1/08,28,4.7044,5.951874841,7.843137255,66.71918321
Denmark,6/1/07,27.75,5.4603,5.082138344,8.137829912,49.03631507
Denmark,1/1/07,27.75,5.75305,4.823528389,8.618012422,49.7990183
Denmark,5/1/06,27.75,5.81825,4.769475358,8.951612903,53.8540438
Denmark,1/1/06,27.75,6.1769,4.492544804,8.80952381,42.62046997
Denmark,6/1/05,27.75,6.0647,4.575659142,9.068627451,49.53134452
Denmark,5/1/04,27.75,6.22,4.46,9.568965517,53.84188934
Denmark,4/1/03,27.75,6.78,3.99,10.2398524,51.03027136
Denmark,4/1/02,24.75,8.38,2.96,9.939759036,18.61287633
Denmark,4/1/01,24.75,8.46,2.93,9.744094488,15.17842185
Denmark,4/1/00,24.75,8.04,3.08,9.860557769,22.64375334
Egypt,1/1/16,16.93,7.83005,2.162182872,3.434077079,-56.14233525
Egypt,7/1/15,16.93,7.83005,2.162182872,3.534446764,-54.86048283
Egypt,1/1/15,16.93,7.35005,2.303385691,3.534446764,-51.91261605
Egypt,7/1/14,16.93,7.15005,2.36781561,3.53076121,-50.61906966
Egypt,1/1/14,16.93,6.961,2.432121822,3.661200216,-47.4041055
Egypt,7/1/13,16.75,7.00915,2.38973342,3.675932699,-47.55522853
Egypt,1/1/13,16,6.68575,2.393149609,3.663510387,-45.20419718
Egypt,7/1/12,16,6.0665,2.637435094,3.697284806,-39.05407061
Egypt,1/1/12,15.5,6.037,2.567500414,3.692920552,-38.82854808
Egypt,7/1/11,14.09,5.962,2.363300906,3.466174662,-41.86221634
Egypt,7/1/10,13,5.699,2.281101948,3.482142857,-38.89905497
Egypt,1/1/10,13,5.465,2.378774016,3.631284916,-33.55379842
Egypt,7/1/09,13,5.58475,2.327767581,3.641456583,-34.79642629
Egypt,6/1/08,13,5.3125,2.447058824,3.641456583,-31.45493492
Egypt,6/1/07,9.54,5.69025,1.676551997,2.797653959,-50.83425229
Egypt,1/1/07,9.09,5.7,1.594736842,2.822981366,-50.47401111
Egypt,5/1/06,9.5,5.77075,1.646233159,3.064516129,-46.89570456
Egypt,1/1/06,9.25,5.74,1.611498258,2.936507937,-48.84132515
Egypt,6/1/05,9,5.8,1.551724138,2.941176471,-49.29006085
Egypt,5/1/04,10,6.19,1.62,3.448275862,-44.29279706
Egypt,4/1/03,8,5.92,1.38,2.95202952,-50.13463648
Estonia,1/1/16,3,0.930232558,3.225,0.60851927,-34.5841785
Estonia,7/1/15,2.95,0.912700224,3.2321675,0.615866388,-32.52259916
Estonia,1/1/15,2.9,0.863073404,3.360085,0.605427975,-29.85208768
Estonia,7/1/14,2.9,0.742748914,3.904415,0.604796663,-18.57320125
Estonia,1/1/14,2.8,0.737218475,3.79806,0.605514507,-17.86498468
Estonia,7/1/13,2.75,0.777756173,3.5358125,0.603511339,-22.40352963
Estonia,1/1/13,2.7,0.736946829,3.663765,0.618217378,-16.11099292
Estonia,7/1/12,2.04,0.824844311,2.473194,0.471403813,-42.84935875
Estonia,1/1/12,2.04,0.788239467,2.588046,0.486035995,-38.33904346
Estonia,7/1/11,2.2,0.697520315,3.15403,0.541205412,-22.4100861
Euro area,1/1/16,3.72,0.930232558,3.999,0.754563895,-18.88438134
Euro area,7/1/15,3.7,0.912700224,4.053905,0.772442589,-15.36732777
Euro area,1/1/15,3.68,0.863073404,4.263832,0.768267223,-10.98471816
Euro area,7/1/14,3.67923829,0.742748914,4.953542471,0.767307255,3.306412329
Euro area,1/1/14,3.657962724,0.737218475,4.961843536,0.791053391,7.302437262
Euro area,7/1/13,3.623870489,0.777756173,4.659391481,0.795289793,2.254385093
Euro area,1/1/13,3.594849572,0.736946829,4.878031127,0.823110547,11.69198564
Euro area,7/1/12,3.583482241,0.824844311,4.344434695,0.828072153,0.391327446
Euro area,1/1/12,3.49245637,0.788239467,4.430704774,0.832087994,5.562843361
Euro area,7/1/11,3.437660401,0.697520315,4.928401834,0.845672915,21.23989753
Euro area,7/1/10,3.380031071,0.78015291,4.332523827,0.905365465,16.04974535
Euro area,1/1/10,3.36,0.693649638,4.843944,0.938547486,35.30569832
Euro area,7/1/09,3.31,0.716897269,4.617119,0.927170868,29.33106443
Euro area,6/1/08,3.36856,0.630497147,5.342704588,0.94357423,49.6555907
Euro area,6/1/07,3.057482443,0.733756466,4.166889948,0.896622417,22.19618616
Euro area,1/1/07,2.94,0.771813376,3.809211,0.913043478,18.29847826
Euro area,5/1/06,2.939573529,0.780365992,3.766916499,0.948249526,21.51343545
Euro area,1/1/06,2.91,0.82815735,3.513825,0.923809524,11.55
Euro area,6/1/05,2.92,0.814929509,3.583132,0.954248366,17.09581699
Euro area,5/1/04,2.74,0.833333333,3.28,0.944827586,13.37931034
Euro area,4/1/03,2.71,0.909090909,2.98,1,10
Euro area,4/1/02,2.67,1.123595506,2.37,1.072289157,-4.56626506
Euro area,4/1/01,2.57,1.136363636,2.27,1.011811024,-10.96062992
Euro area,4/1/00,2.56,1.075268817,2.38,1.019920319,-5.147410359
Finland,1/1/16,4.1,0.930232558,4.4075,0.831643002,-10.59837728
Finland,7/1/15,4.1,0.912700224,4.492165,0.855949896,-6.217849687
Finland,1/1/15,4.1,0.863073404,4.750465,0.855949896,-0.825365344
Finland,7/1/14,4.1,0.742748914,5.520035,0.855057351,15.12064651
Finland,1/1/14,4.1,0.737218475,5.561445,0.886646243,20.26912957
Finland,7/1/13,4.1,0.777756173,5.271575,0.899780541,15.6892831
Finland,1/1/13,3.75,0.736946829,5.0885625,0.858635247,16.51250984
Finland,7/1/12,3.75,0.824844311,4.5463125,0.866551127,5.056325823
Finland,1/1/12,3.75,0.788239467,4.7574375,0.893448521,13.34734658
Finland,7/1/11,3.75,0.697520315,5.3761875,0.922509225,32.25553506
France,1/1/16,4.1,0.930232558,4.4075,0.831643002,-10.59837728
France,7/1/15,4.1,0.912700224,4.492165,0.855949896,-6.217849687
France,1/1/15,3.9,0.863073404,4.518735,0.814196242,-5.663152401
France,7/1/14,3.9,0.742748914,5.250765,0.813347237,9.505005214
France,1/1/14,3.8,0.737218475,5.15451,0.821769688,11.46894936
France,7/1/13,3.9,0.777756173,5.014425,0.855888808,10.04590344
France,1/1/13,3.6,0.736946829,4.88502,0.824289837,11.85200944
France,7/1/12,3.6,0.824844311,4.36446,0.831889081,0.85407279
France,1/1/12,3.6,0.788239467,4.56714,0.85771058,8.813452714
France,7/1/11,3.5,0.697520315,5.017775,0.86100861,23.43849938
Germany,1/1/16,3.59,0.930232558,3.85925,0.728194726,-21.71906694
Germany,7/1/15,3.59,0.912700224,3.9333835,0.749478079,-17.88343424
Germany,1/1/15,3.67,0.863073404,4.2522455,0.766179541,-11.22660752
Germany,7/1/14,3.67,0.742748914,4.9411045,0.765380605,3.047017727
Germany,1/1/14,3.67,0.737218475,4.9781715,0.793656515,7.655537935
Germany,7/1/13,3.64,0.777756173,4.68013,0.798829554,2.709509876
Germany,1/1/13,3.64,0.736946829,4.939298,0.833448613,13.09480955
Germany,7/1/12,3.64,0.824844311,4.412954,0.841132293,1.974673599
Germany,1/1/12,3.53,0.788239467,4.4783345,0.841032874,6.697635578
Germany,7/1/11,3.4,0.697520315,4.87441,0.836408364,19.91168512
Greece,1/1/16,3.35,0.930232558,3.60125,0.679513185,-26.95233266
Greece,7/1/15,3.05,0.912700224,3.3417325,0.636743215,-30.23522965
Greece,1/1/15,3.05,0.863073404,3.5338825,0.636743215,-26.22374739
Greece,7/1/14,3.05,0.742748914,4.1063675,0.636079249,-14.36147028
Greece,1/1/14,3.05,0.737218475,4.1371725,0.659578302,-10.53150117
Greece,7/1/13,2.6,0.777756173,3.34295,0.570592538,-26.63606437
Greece,1/1/13,3.3,0.736946829,4.477935,0.755599017,2.531008658
Greece,7/1/12,2.683,0.824844311,3.25273505,0.619988446,-24.83570075
Greece,1/1/12,3.3,0.788239467,4.186545,0.786234698,-0.254335012
Greece,7/1/11,3.26,0.697520315,4.673699,0.80196802,14.97414514
Hong Kong,1/1/16,19.2,7.75235,2.476668365,3.894523327,-49.76331917
Hong Kong,7/1/15,19.2,7.7508,2.477163648,4.008350731,-48.28468377
Hong Kong,1/1/15,18.8,7.75135,2.425383965,3.924843424,-49.36567922
Hong Kong,7/1/14,18.8,7.75045,2.425665607,3.920750782,-49.41260466
Hong Kong,1/1/14,18,7.75785,2.320230476,3.89259326,-49.82381381
Hong Kong,7/1/13,17,7.75665,2.191667795,3.730797366,-51.90195037
Hong Kong,1/1/13,17,7.7591,2.190975757,3.892479786,-49.83335972
Hong Kong,7/1/12,16.5,7.75815,2.126795692,3.812824957,-50.85394125
Hong Kong,1/1/12,16.5,7.76735,2.124276619,3.931173491,-49.38848525
Hong Kong,7/1/11,15.1,7.7918,1.937934752,3.714637146,-52.32632837
Hong Kong,7/1/10,14.8,7.7742,1.90373286,3.964285714,-49.00715554
Hong Kong,1/1/10,14.8,7.75655,1.908064797,4.134078212,-46.70210065
Hong Kong,7/1/09,13.3,7.7505,1.716018321,3.725490196,-51.9322599
Hong Kong,6/1/08,13.3,7.7974,1.705696771,3.725490196,-52.22137897
Hong Kong,6/1/07,12,7.81555,1.53540058,3.519061584,-54.97359004
Hong Kong,1/1/07,12,7.79845,1.538767319,3.726708075,-52.21219506
Hong Kong,5/1/06,12,7.7533,1.547728064,3.870967742,-50.07328825
Hong Kong,1/1/06,12,7.7512,1.548147384,3.80952381,-50.85246401
Hong Kong,6/1/05,12,7.7807,1.542277687,3.921568627,-49.5987684
Hong Kong,5/1/04,12,7.79,1.54,4.137931034,-46.88150148
Hong Kong,4/1/03,11.5,7.8,1.47,4.243542435,-45.5956098
Hong Kong,4/1/02,11.2,8,1.4,4.497991968,-43.7751004
Hong Kong,4/1/01,10.7,7.8,1.37,4.212598425,-45.99232788
Hong Kong,4/1/00,10.2,7.79,1.31,4.06374502,-47.83382516
Hungary,1/1/16,900,292.67905,3.075040731,182.5557809,-37.62594865
Hungary,7/1/15,900,282.8778,3.18158583,187.8914405,-33.57858393
Hungary,1/1/15,860,271.39345,3.168831083,179.5407098,-33.84486257
Hungary,7/1/14,860,228.30615,3.766871808,179.3534932,-21.44167241
Hungary,1/1/14,860,223.09705,3.854824616,185.9794558,-16.63742046
Hungary,7/1/13,860,228.462,3.76430216,188.734455,-17.38912598
Hungary,1/1/13,830,217.46935,3.816629792,190.0446013,-12.61085696
Hungary,7/1/12,830,238.2151,3.484245961,191.7966493,-19.48593967
Hungary,1/1/12,645,245.69425,2.625214062,153.6731456,-37.45350347
Hungary,7/1/11,760,188.0724,4.040996978,186.9618696,-0.590480252
Hungary,7/1/10,740,221.96915,3.333796611,198.2142857,-10.70187649
Hungary,1/1/10,720,186.6508,3.857470742,201.1173184,7.75057939
Hungary,7/1/09,720,199.1577,3.615225522,201.6806723,1.266821353
Hungary,6/1/08,670,144.2578,4.644462899,187.67507,30.09699997
Hungary,6/1/07,600,180.2106,3.329437891,175.9530792,-2.362525191
Hungary,1/1/07,590,194.4237,3.034609464,183.2298137,-5.757470069
Hungary,5/1/06,560,206.3444,2.713909367,180.6451613,-12.45453655
Hungary,1/1/06,560,206.956,2.705889175,177.7777778,-14.09875636
Hungary,6/1/05,530,203.643,2.602593755,173.2026144,-14.94791651
Hungary,5/1/04,530,211,2.52,182.7586207,-13.38453996
Hungary,4/1/03,490,224,2.14,180.8118081,-19.2804428
Hungary,4/1/02,459,272,1.69,184.3373494,-32.22891566
Hungary,4/1/01,399,303,1.32,157.0866142,-48.15623295
Hungary,4/1/00,339,279,1.21,135.059761,-51.59148353
India,1/1/16,127,66.8025,1.901126455,25.76064909,-61.43759726
India,7/1/15,116.25,63.43,1.832728993,24.26931106,-61.73843439
India,1/1/15,116.25,61.615,1.886715897,24.26931106,-60.61135914
India,7/1/14,105,60.08875,1.747415282,21.89781022,-63.55755409
India,1/1/14,95,61.845,1.53609831,20.54424221,-66.78107817
India,7/1/13,90,59.98,1.500500167,19.75128018,-67.07022312
India,1/1/13,89,53.395,1.666822736,20.37827653,-61.83485995
India,7/1/12,89,56.165,1.584616754,20.56614674,-63.38262844
India,1/1/12,84,51.905,1.6183412,20.01324686,-61.4425453
India,7/1/11,84,44.4,1.891891892,20.66420664,-53.45899405
Indonesia,1/1/16,30500,13947.5,2.186771823,6186.612576,-55.64357357
Indonesia,7/1/15,30500,13344.5,2.285585822,6367.43215,-52.28422084
Indonesia,1/1/15,27939,12480,2.238701923,5832.776618,-53.26300787
Indonesia,7/1/14,27939,11505,2.428422425,5826.694473,-49.35511105
Indonesia,1/1/14,27939,12140,2.301400329,6041.953505,-50.23102549
Indonesia,7/1/13,27939,9965,2.803712995,6131.455743,-38.47008788
Indonesia,1/1/13,27939,9767.5,2.860404402,6397.176044,-34.50549225
Indonesia,7/1/12,24200,9482.5,2.552069602,5592.14327,-41.02669897
Indonesia,1/1/12,22534,9160,2.460043668,5368.791724,-41.38873664
Indonesia,7/1/11,22534,8523,2.643904728,5543.419434,-34.95929327
Indonesia,7/1/10,22780,9063,2.513516496,6101.785714,-32.6736653
Indonesia,1/1/10,20900,9320,2.24248927,5837.988827,-37.36063491
Indonesia,7/1/09,20900,10200,2.049019608,5854.341737,-42.60449278
Indonesia,6/1/08,18700,9152,2.043269231,5238.095238,-42.76556777
Indonesia,6/1/07,15900,9015,1.763727121,4662.756598,-48.27779702
Indonesia,1/1/07,15900,9090,1.749174917,4937.888199,-45.67779759
Indonesia,5/1/06,14600,9325,1.565683646,4709.677419,-49.49407593
Indonesia,1/1/06,14600,9460,1.543340381,4634.920635,-51.00506728
Indonesia,6/1/05,14600,9545,1.529596647,4771.24183,-50.01318146
Indonesia,5/1/04,16100,9120,1.77,5551.724138,-39.12583182
Indonesia,4/1/03,16100,8740,1.81,5940.95941,-32.02563605
Indonesia,4/1/02,16000,9430,1.71,6425.702811,-31.85893095
Indonesia,4/1/01,14700,10855,1.35,5787.401575,-46.68446269
Indonesia,4/1/00,14500,7945,1.83,5776.89243,-27.2889562
Ireland,1/1/16,3.95,0.930232558,4.24625,0.801217039,-13.86916836
Ireland,7/1/15,3.7,0.912700224,4.053905,0.772442589,-15.36732777
Ireland,1/1/15,3.49,0.863073404,4.0436885,0.728601253,-15.58061587
Ireland,7/1/14,3.49,0.742748914,4.6987615,0.727841502,-2.007059437
Ireland,1/1/14,3.46,0.737218475,4.693317,0.748242927,1.495411786
Ireland,7/1/13,3.46,0.777756173,4.448695,0.759326993,-2.369531822
Ireland,1/1/13,3.49,0.736946829,4.7357555,0.799103203,8.434309156
Ireland,7/1/12,3.49,0.824844311,4.2311015,0.806470248,-2.227579434
Ireland,1/1/12,3.8,0.788239467,4.82087,0.905361168,14.85864453
Ireland,7/1/11,3.8,0.697520315,5.44787,0.934809348,34.01894219
Israel,1/1/16,16.9,3.94105,4.288197308,3.427991886,-13.01831019
Israel,7/1/15,17.5,3.77835,4.631651382,3.653444676,-3.305816655
Israel,1/1/15,17.5,3.93415,4.448228969,3.653444676,-7.135094584
Israel,7/1/14,17.5,3.4138,5.12625227,3.649635036,6.908285093
Israel,1/1/14,17.5,3.4882,5.016914168,3.784465669,8.493368198
Israel,7/1/13,17.5,3.64595,4.799846405,3.840526701,5.336790159
Israel,1/1/13,14.9,3.72455,4.00048328,3.411644048,-8.401174693
Israel,7/1/12,11.9,4.07625,2.919349893,2.749855575,-32.53957498
Israel,1/1/12,15.9,3.8485,4.131479797,3.788221728,-1.566279649
Israel,7/1/11,15.9,3.40335,4.671867425,3.911439114,14.92908794
Israel,7/1/10,14.9,3.8619,3.858204511,3.991071429,3.34476368
Israel,1/1/10,14.9,3.7325,3.991962492,4.162011173,11.50733217
Israel,7/1/09,15,3.97425,3.774297037,4.201680672,5.722606083
Israel,4/1/02,12,4.79,2.51,4.819277108,0.61121312
Israel,4/1/00,14.5,4.05,3.58,5.77689243,42.63931927
Italy,1/1/16,4,0.930232558,4.3,0.811359026,-12.77890467
Italy,7/1/15,4,0.912700224,4.3826,0.835073069,-8.505219207
Italy,1/1/15,3.85,0.863073404,4.4608025,0.803757829,-6.872599165
Italy,7/1/14,3.85,0.742748914,5.1834475,0.802919708,8.101094891
Italy,1/1/14,3.85,0.737218475,5.2223325,0.832582447,12.93564606
Italy,7/1/13,3.75,0.777756173,4.8215625,0.822970007,5.813368691
Italy,1/1/13,3.85,0.736946829,5.2242575,0.881532187,19.6195101
Italy,7/1/12,3.6,0.824844311,4.36446,0.831889081,0.85407279
Italy,1/1/12,3.5,0.788239467,4.440275,0.833885286,5.790856805
Italy,7/1/11,3.5,0.697520315,5.017775,0.86100861,23.43849938
Japan,1/1/16,370,118.645,3.118546926,75.05070994,-36.74347007
Japan,7/1/15,370,123.935,2.985435914,77.24425887,-37.67357173
Japan,1/1/15,370,117.765,3.141850295,77.24425887,-34.4081358
Japan,7/1/14,370,101.53,3.644243081,77.1637122,-23.99910155
Japan,1/1/14,310,104.245,2.97376373,67.03910615,-35.6908186
Japan,7/1/13,320,100.105,3.196643524,70.22677396,-29.84688681
Japan,1/1/13,320,91.065,3.513973535,73.27020774,-19.54075908
Japan,7/1/12,320,78.22,4.091025313,73.94569613,-5.464464166
Japan,1/1/12,320,76.92,4.160166407,76.24094043,-0.882812751
Japan,7/1/11,320,78.365,4.083455624,78.72078721,0.454012898
Japan,7/1/10,320,87.18,3.670566644,85.71428571,-1.681250614
Japan,1/1/10,320,91.54,3.495739567,89.38547486,-2.353643369
Japan,7/1/09,320,92.565,3.457030195,89.63585434,-3.164420308
Japan,6/1/08,280,106.855,2.620373403,78.43137255,-26.60018478
Japan,6/1/07,280,122.315,2.289171402,82.11143695,-32.86887385
Japan,1/1/07,280,121.585,2.302915656,86.95652174,-28.48088026
Japan,5/1/06,250,112.105,2.230052183,80.64516129,-28.0628328
Japan,1/1/06,250,114.305,2.187130922,79.36507937,-30.56727233
Japan,6/1/05,250,106.715,2.342688469,81.69934641,-23.44155329
Japan,5/1/04,262,113,2.33,90.34482759,-20.04882514
Japan,4/1/03,262,120,2.18,96.67896679,-19.43419434
Japan,4/1/02,262,130,2.01,105.2208835,-19.06085882
Japan,4/1/01,294,124,2.38,115.7480315,-6.65481331
Japan,4/1/00,294,106,2.78,117.1314741,10.50139066
Latvia,7/1/13,1.69,0.54635,3.093255239,0.37088515,-32.11583235
Latvia,1/1/13,1.69,0.51525,3.279961184,0.386958285,-24.89892583
Latvia,7/1/12,1.69,0.5744,2.942200557,0.390525708,-32.01154114
Latvia,1/1/12,1.65,0.55035,2.998092123,0.393117349,-28.56957407
Latvia,7/1/11,1.6,0.49475,3.233956544,0.393603936,-20.44387346
Latvia,7/1/10,1.55,0.5529,2.803400253,0.415178571,-24.90892179
Latvia,1/1/10,1.55,0.5017,3.089495715,0.434173669,-13.45950379
Latvia,7/1/09,1.55,0.5017,3.089495715,0.434173669,-13.45950379
Latvia,6/1/08,1.55,0.4433,3.496503497,0.434173669,-2.058725588
Latvia,6/1/07,1.39,0.5109,2.72068898,0.407624633,-20.21439941
Latvia,1/1/07,1.35,0.5476,2.465303141,0.419254658,-23.43779065
Latvia,5/1/06,1.35,0.5476,2.465303141,0.435483871,-20.47409223
Latvia,6/1/05,1.09,0.5671,1.922059601,0.35620915,-37.18759472
Latvia,5/1/04,1.09,0.5458,1.997068523,0.375862069,-31.13556816
Lithuania,7/1/14,8.95,2.56455,3.489891014,1.866527633,-27.21812275
Lithuania,1/1/14,8.8,2.5454,3.45721694,1.903045594,-25.23589244
Lithuania,7/1/13,8.6,2.68545,3.202442794,1.88734455,-29.71961682
Lithuania,1/1/13,7.8,2.5445,3.065435253,1.785961314,-29.8109132
Lithuania,7/1/12,7.8,2.84805,2.738715964,1.802426343,-36.71366924
Lithuania,1/1/12,7.8,2.7216,2.865961199,1.858372923,-31.71763216
Lithuania,7/1/11,7.3,2.4084,3.031057964,1.795817958,-25.43522844
Lithuania,7/1/10,7.3,2.6937,2.7100271,1.955357143,-27.40998839
Lithuania,1/1/10,7.1,2.4753,2.868339191,1.988795518,-19.65436439
Lithuania,7/1/09,7.1,2.4753,2.868339191,1.988795518,-19.65436439
Lithuania,6/1/08,6.9,2.177,3.169499311,1.932773109,-11.2185067
Lithuania,6/1/07,6.6,2.53355,2.605040358,1.935483871,-23.60585459
Lithuania,1/1/07,6.5,2.69445,2.41236616,2.01863354,-25.08179627
Lithuania,5/1/06,6.5,2.69445,2.41236616,2.096774194,-22.18173677
Lithuania,6/1/05,6.5,2.8132,2.310536044,2.124183007,-24.49228613
Lithuania,5/1/04,6.5,2.8731,2.262364693,2.24137931,-21.98742437
Malaysia,1/1/16,8,4.3925,1.821286283,1.622718053,-63.05707336
Malaysia,7/1/15,7.65,3.8065,2.009720215,1.597077244,-58.0434193
Malaysia,1/1/15,7.63,3.6155,2.11035818,1.592901879,-55.94241795
Malaysia,7/1/14,7.63,3.1675,2.408839779,1.591240876,-49.76350826
Malaysia,1/1/14,7.4,3.3235,2.226568377,1.60028834,-51.84930524
Malaysia,7/1/13,7.3,3.1805,2.295236598,1.602048281,-49.6290432
Malaysia,1/1/13,7.95,3.083,2.578657152,1.820306724,-40.95664212
Malaysia,7/1/12,7.4,3.1735,2.331810304,1.709994223,-46.11645744
Malaysia,1/1/12,7.35,3.13955,2.341099839,1.751159101,-44.22260832
Malaysia,7/1/11,7.2,2.973,2.421796165,1.771217712,-40.42321856
Malaysia,7/1/10,7.05,3.2135,2.193869613,1.888392857,-41.23563538
Malaysia,1/1/10,7.05,3.3875,2.081180812,1.969273743,-41.86645777
Malaysia,7/1/09,6.77,3.602,1.879511383,1.896358543,-47.35262234
Malaysia,6/1/08,5.5,3.238,1.69857937,1.540616246,-52.42074594
Malaysia,6/1/07,5.5,3.4345,1.601397583,1.612903226,-53.03819404
Malaysia,1/1/07,5.5,3.502,1.570531125,1.708074534,-51.22574146
Malaysia,5/1/06,5.5,3.6295,1.515360242,1.774193548,-51.11741153
Malaysia,1/1/06,5.5,3.7488,1.46713615,1.746031746,-53.4242492
Malaysia,6/1/05,5.25,3.8,1.381578947,1.715686275,-54.8503612
Malaysia,5/1/04,5.04,3.8,1.33,1.737931034,-54.26497278
Malaysia,4/1/03,5.04,3.8,1.33,1.859778598,-51.05845795
Malaysia,4/1/02,5.04,3.8,1.33,2.024096386,-46.73430564
Malaysia,4/1/01,4.52,3.8,1.19,1.779527559,-53.17032739
Malaysia,4/1/00,4.52,3.8,1.19,1.800796813,-52.61061019
Mexico,1/1/16,49,17.43675,2.810156709,9.939148073,-42.99884971
Mexico,7/1/15,49,15.73975,3.113137121,10.22964509,-35.00757576
Mexico,1/1/15,49,14.6275,3.349854726,10.22964509,-30.06566335
Mexico,7/1/14,42,12.93255,3.247619379,8.759124088,-32.2707116
Mexico,1/1/14,37,13.33275,2.775121412,8.001441701,-39.98656165
Mexico,7/1/13,37,12.94115,2.859096757,8.119970739,-37.25464322
Mexico,1/1/13,37,12.7384,2.904603404,8.47186777,-33.49347037
Mexico,7/1/12,37,13.687,2.703295098,8.549971115,-37.53217568
Mexico,1/1/12,37,13.6844,2.703808716,8.815358737,-35.58096272
Mexico,7/1/11,32,11.67075,2.741897479,7.872078721,-32.54864751
Mexico,7/1/10,32,12.782,2.503520576,8.571428571,-32.94141315
Mexico,1/1/10,32,12.81375,2.497317335,8.938547486,-30.24253254
Mexico,7/1/09,33,13.8104,2.389503563,9.243697479,-33.0671271
Mexico,6/1/08,32,10.1685,3.146973497,8.963585434,-11.84948189
Mexico,6/1/07,29,10.76755,2.693277487,8.504398827,-21.01825553
Mexico,1/1/07,29,10.8894,2.663140302,9.00621118,-17.29377945
Mexico,5/1/06,29,11.3031,2.565667826,9.35483871,-17.23652175
Mexico,1/1/06,28,10.5425,2.655916528,8.888888889,-15.68518958
Mexico,6/1/05,28,10.8675,2.576489533,9.150326797,-15.80099565
Mexico,5/1/04,24,11.6,2.08,8.275862069,-28.65636147
Mexico,4/1/03,23,10.53,2.14,8.487084871,-19.40090341
Mexico,4/1/02,21.9,9.28,2.37,8.795180723,-5.224345658
Mexico,4/1/01,21.9,9.29,2.36,8.622047244,-7.190018901
Mexico,4/1/00,20.9,9.41,2.22,8.326693227,-11.51229302
Netherlands,1/1/16,3.45,0.930232558,3.70875,0.69979716,-24.77180527
Netherlands,7/1/15,3.45,0.912700224,3.7799925,0.720250522,-21.08575157
Netherlands,1/1/15,3.45,0.863073404,3.9973425,0.720250522,-16.54817328
Netherlands,7/1/14,3.45,0.742748914,4.6449075,0.719499479,-3.130187696
Netherlands,1/1/14,3.45,0.737218475,4.6797525,0.746080375,1.202072445
Netherlands,7/1/13,3.45,0.777756173,4.4358375,0.757132407,-2.651700805
Netherlands,1/1/13,3.45,0.736946829,4.6814775,0.789944427,7.191509051
Netherlands,7/1/12,3.38,0.824844311,4.097743,0.781051415,-5.309231658
Netherlands,1/1/12,3.25,0.788239467,4.1231125,0.774322051,-1.765632967
Netherlands,7/1/11,3.25,0.697520315,4.6593625,0.799507995,14.62146371
New Zealand,1/1/16,5.9,1.508068165,3.91229,1.196754564,-20.64320487
New Zealand,7/1/15,5.9,1.509092281,3.909635,1.231732777,-18.37922756
New Zealand,1/1/15,5.9,1.313283866,4.492555,1.231732777,-6.209707724
New Zealand,7/1/14,5.7,1.152737752,4.94475,1.188738269,3.123044838
New Zealand,1/1/14,5.5,1.203007519,4.571875,1.189403496,-1.130834385
New Zealand,7/1/13,5.5,1.279344975,4.299075,1.207022677,-5.653072421
New Zealand,1/1/13,5.2,1.202428906,4.32458,1.190640876,-0.980351563
New Zealand,7/1/12,5.1,1.273560876,4.00452,1.178509532,-7.463431542
New Zealand,1/1/12,5.1,1.26000126,4.047615,1.215089988,-3.564383092
New Zealand,7/1/11,5.1,1.156069364,4.4115,1.254612546,8.52398524
New Zealand,7/1/10,5,1.39275766,3.59,1.339285714,-3.839285714
New Zealand,1/1/10,4.9,1.35685,3.611305598,1.368715084,0.874458031
New Zealand,7/1/09,4.9,1.59235,3.077212924,1.37254902,-13.80355954
New Zealand,6/1/08,4.9,1.3177,3.718600592,1.37254902,4.162481567
New Zealand,6/1/07,4.6,1.2797,3.594592483,1.348973607,5.413269285
New Zealand,1/1/07,4.6,1.42796,3.22137875,1.428571429,0.042818326
New Zealand,5/1/06,4.45,1.62101,2.745202065,1.435483871,-11.44509467
New Zealand,1/1/06,4.45,1.4467,3.075965992,1.412698413,-2.350285982
New Zealand,6/1/05,4.45,1.4023,3.173358055,1.454248366,3.704511589
New Zealand,5/1/04,4.35,1.64,2.65,1.5,-8.536585366
New Zealand,4/1/03,3.95,1.78,2.15,1.457564576,-18.11434968
New Zealand,4/1/02,3.6,2.24,1.77,1.445783133,-35.45611015
New Zealand,4/1/01,3.6,2.47,1.46,1.417322835,-42.61850872
New Zealand,4/1/00,3.4,2.01,1.69,1.354581673,-32.60787695
Norway,1/1/16,46.8,8.97465,5.214688038,9.492900609,5.774605233
Norway,7/1/15,46,8.14255,5.649335896,9.603340292,17.9402066
Norway,1/1/15,48,7.6225,6.297146605,10.02087683,31.46443853
Norway,7/1/14,48,6.1873,7.757826516,10.01042753,61.78991691
Norway,1/1/14,48,6.15745,7.795434798,10.38024869,68.58031642
Norway,7/1/13,46,6.1281,7.506404922,10.09509876,64.73456302
Norway,1/1/13,43,5.4831,7.842279003,9.845684165,79.56419116
Norway,7/1/12,43,6.09205,7.058379363,9.936452917,63.10524236
Norway,1/1/12,41,6.0399,6.788191857,9.768370493,61.73066595
Norway,7/1/11,45,5.41405,8.311707502,11.0701107,104.4700492
Norway,7/1/10,45,6.24625,7.204322594,12.05357143,92.97292661
Norway,1/1/10,40,5.69555,7.023026749,11.17318436,96.17393154
Norway,7/1/09,40,6.50925,6.145101202,11.20448179,72.13168633
Norway,6/1/08,40,5.07915,7.875333471,11.20448179,120.5975762
Norway,6/1/07,40,5.8139,6.880063297,11.73020528,101.761387
Norway,1/1/07,41.5,6.1023,6.800714485,12.88819876,111.2023132
Norway,5/1/06,43,6.1023,7.046523442,13.87096774,127.3072078
Norway,6/1/05,39,6.4326,6.06286727,12.74509804,98.13291732
Norway,5/1/04,35.5,6.8491,5.183162751,12.24137931,78.72975005
Norway,4/1/02,35,8.56,4.09,14.0562249,64.20823481
Pakistan,1/1/16,300,104.885,2.86027554,60.85192698,-41.98224057
Pakistan,7/1/15,350,101.7,3.441494592,73.06889353,-28.15251374
Pakistan,1/1/15,300,100.735,2.978110885,62.63048017,-37.82649509
Pakistan,7/1/14,300,98.68,3.040129712,62.56517205,-36.5979205
Pakistan,1/1/14,320,105.415,3.035621117,69.20165796,-34.35312057
Pakistan,7/1/13,300,100.035,2.998950367,65.83760059,-34.18543451
Pakistan,1/1/13,290,97.665,2.969333948,66.40112577,-32.011339
Pakistan,7/1/12,285,94.605,3.012525765,65.85788562,-30.38646412
Pakistan,1/1/12,260,90.05,2.887284842,61.9457641,-31.20959012
Pakistan,7/1/11,205.13,86.345,2.375702125,50.46248462,-41.55714329
Pakistan,7/1/10,210,85.525,2.455422391,56.25,-34.22975738
Pakistan,1/1/10,200,82.6,2.421307506,56.02240896,-32.17626033
Pakistan,7/1/09,190,82.6,2.300242131,53.22128852,-35.56744732
Pakistan,6/1/08,140,70.9,1.97461213,39.21568627,-44.68873586
Pakistan,6/1/07,140,60.37,2.319032632,41.05571848,-31.99317794
Pakistan,1/1/07,140,60.055,2.331196403,43.47826087,-27.60259617
Pakistan,5/1/06,130,60.055,2.164682374,41.93548387,-30.17153631
Pakistan,6/1/05,130,59.62,2.18047635,42.48366013,-28.74260293
Pakistan,5/1/04,110,57.76,1.904432133,37.93103448,-34.32992645
Peru,1/1/16,10,3.418,2.925687537,2.028397566,-40.65542522
Peru,7/1/15,10,3.1835,3.141196796,2.087682672,-34.42177879
Peru,1/1/15,10,3.008,3.324468085,2.087682672,-30.59565584
Peru,7/1/14,10,2.788,3.586800574,2.085505735,-25.19706832
Peru,1/1/14,10,2.8065,3.563156957,2.162551811,-22.94488469
Peru,7/1/13,10,2.783,3.5932447,2.194586686,-21.14313021
Peru,1/1/13,10,2.5595,3.907013088,2.289693992,-10.54135605
Peru,1/1/12,10,2.6925,3.714020427,2.382529389,-11.51237183
Peru,7/1/11,10,2.7375,3.652968037,2.4600246,-10.13608766
Peru,7/1/10,10,2.8275,3.536693192,2.678571429,-5.267146646
Peru,1/1/10,8.056,2.8705,2.806479707,2.25027933,-21.60671208
Peru,7/1/09,8.056,3.0274,2.661029266,2.256582633,-25.4613651
Peru,6/1/08,9.5,2.84,3.345070423,2.661064426,-6.300548388
Peru,6/1/07,9.5,3.167,2.999684244,2.785923754,-12.03272012
Peru,1/1/07,9.5,3.1895,2.97852328,2.950310559,-7.499277034
Peru,5/1/06,9.5,3.261,2.913216805,3.064516129,-6.025264366
Peru,1/1/06,9.5,3.446,2.756819501,3.015873016,-12.48192061
Peru,6/1/05,8.99,3.2546,2.762244208,2.937908497,-9.730581431
Peru,5/1/04,8.99,3.49,2.57,3.1,-11.1747851
Peru,4/1/03,7.9,3.46,2.28,2.915129151,-15.74771239
Peru,4/1/02,8.5,3.43,2.48,3.413654618,-0.476541735
Philippines,1/1/16,131,47.0225,2.785900367,26.57200811,-43.49086477
Philippines,7/1/15,163,45.2125,3.605197678,34.02922756,-24.73491278
Philippines,1/1/15,163,44.41,3.670344517,34.02922756,-23.37485351
Philippines,7/1/14,160,43.205,3.703275084,33.36809176,-22.76798574
Philippines,1/1/14,135,45.23,2.984744639,29.19444945,-35.45335076
Philippines,7/1/13,115.21,43.44,2.652163904,25.28383321,-41.79596406
Philippines,1/1/13,118,40.6,2.906403941,27.0183891,-33.45224358
Philippines,7/1/12,118,42.2,2.796208531,27.26747545,-35.38512927
Philippines,1/1/12,118,44.005,2.681513464,28.11384678,-36.11215365
Philippines,7/1/11,118,42.41,2.78236265,29.02829028,-31.55319433
Philippines,7/1/10,102,46.47,2.194964493,27.32142857,-41.20630822
Philippines,1/1/10,101.52,45.92,2.210801394,28.3575419,-38.24577112
Philippines,7/1/09,99.39,48.385,2.054149013,27.84033613,-42.46081196
Philippines,6/1/08,87,44.485,1.95571541,24.3697479,-45.21805575
Philippines,6/1/07,85,45.8975,1.851952721,24.92668622,-45.69053605
Philippines,1/1/07,85,49.05,1.732925586,26.39751553,-46.18243521
Philippines,5/1/06,85,52.625,1.6152019,27.41935484,-47.8967129
Philippines,1/1/06,82,52.58,1.559528338,26.03174603,-50.49116388
Philippines,6/1/05,80,54.55,1.466544455,26.14379085,-52.07371063
Philippines,5/1/04,69,55.9,1.23,23.79310345,-57.43630868
Philippines,4/1/03,65,52.5,1.23,23.98523985,-54.31382885
Philippines,4/1/02,65,51,1.28,26.10441767,-48.81486731
Philippines,4/1/01,59,50.3,1.17,23.22834646,-53.82038478
Poland,1/1/16,9.6,4.0477,2.371717272,1.947261663,-51.89214459
Poland,7/1/15,9.6,3.7736,2.543989824,2.004175365,-46.88956526
Poland,1/1/15,9.2,3.7066,2.48205903,1.920668058,-48.18248372
Poland,7/1/14,9.2,3.0714,2.995376701,1.918665276,-37.53124711
Poland,1/1/14,9.2,3.0684,2.998305306,1.989547666,-35.16009431
Poland,7/1/13,9.2,3.3655,2.733620562,2.019019751,-40.00832711
Poland,1/1/13,9.1,3.092,2.943078913,2.083621533,-32.61249894
Poland,7/1/12,9.1,3.46035,2.629791784,2.102830734,-39.23069245
Poland,1/1/12,9.1,3.52045,2.584896817,2.168101744,-38.41407367
Poland,7/1/11,8.63,2.7968,3.085669336,2.12300123,-24.09177524
Poland,7/1/10,8.3,3.1969,2.596265132,2.223214286,-30.45718397
Poland,1/1/10,8.1,2.83565,2.85648793,2.262569832,-20.20983434
Poland,7/1/09,7.6,3.15525,2.408683939,2.128851541,-32.52986164
Poland,6/1/08,7,2.03145,3.445814566,1.960784314,-3.478583587
Poland,6/1/07,6.9,2.75185,2.50740411,2.023460411,-26.46908768
Poland,1/1/07,6.9,2.97175,2.321864221,2.142857143,-27.89241548
Poland,5/1/06,6.5,3.09915,2.097349273,2.096774194,-32.34357183
Poland,1/1/06,6.5,3.1151,2.086610382,2.063492063,-33.75840058
Poland,6/1/05,6.5,3.3096,1.963983563,2.124183007,-35.81753062
Poland,5/1/04,6.3,3.87,1.63,2.172413793,-43.86527666
Poland,4/1/03,6.3,3.89,1.56,2.324723247,-40.23847693
Poland,4/1/02,5.9,4.04,1.46,2.369477912,-41.34955664
Poland,4/1/01,5.9,4.03,1.46,2.322834646,-42.36142318
Poland,4/1/00,5.5,4.3,1.28,2.19123506,-49.04104512
Portugal,1/1/16,3,0.930232558,3.225,0.60851927,-34.5841785
Portugal,7/1/15,3,0.912700224,3.28695,0.626304802,-31.37891441
Portugal,1/1/15,3,0.863073404,3.47595,0.626304802,-27.43319415
Portugal,7/1/14,3,0.742748914,4.03905,0.625651721,-15.7653806
Portugal,1/1/14,3,0.737218475,4.06935,0.648765543,-11.99819787
Portugal,7/1/13,2.95,0.777756173,3.7929625,0.647403072,-16.76014996
Portugal,1/1/13,2.95,0.736946829,4.0030025,0.675459728,-8.34349226
Portugal,7/1/12,4.95,0.824844311,6.0011325,1.143847487,38.67435009
Portugal,1/1/12,2.9,0.788239467,3.679085,0.690933523,-12.34471865
Portugal,7/1/11,2.9,0.697520315,4.157585,0.713407134,2.277613776
Russia,1/1/16,114,74.655,1.527024312,23.12373225,-69.02587603
Russia,7/1/15,107,56.815,1.883305465,22.33820459,-60.68255814
Russia,1/1/15,89,65.227,1.364465635,18.58037578,-71.51428736
Russia,7/1/14,89,34.83725,2.554736668,18.56100104,-46.72082026
Russia,1/1/14,89,33.93925,2.62233255,19.24671112,-43.29069994
Russia,7/1/13,87,32.9389,2.641253958,19.09290417,-42.03539229
Russia,1/1/13,72.88,30.045,2.425694791,16.68728981,-44.4590121
Russia,7/1/12,75,32.76525,2.289010461,17.33102253,-47.10547751
Russia,1/1/12,81,31.7693,2.549631248,19.29848805,-39.25428622
Russia,7/1/11,75,27.7525,2.702459238,18.4501845,-33.51883794
Russia,7/1/10,71,30.44325,2.332208289,19.01785714,-37.53013511
Russia,1/1/10,70,29.927,2.339024961,19.55307263,-34.66410724
Russia,7/1/09,67,32.7959,2.042938294,18.767507,-42.7748377
Russia,6/1/08,59,23.2336,2.539425659,16.52661064,-28.86762859
Russia,6/1/07,52,25.64825,2.027428772,15.24926686,-40.54461079
Russia,1/1/07,49,26.5335,1.846722068,15.2173913,-42.64838297
Russia,5/1/06,48,27.06375,1.773590134,15.48387097,-42.78741502
Russia,1/1/06,46,28.67,1.604464597,14.6031746,-49.06461596
Russia,6/1/05,42,28.4055,1.478586893,13.7254902,-51.68016688
Russia,5/1/04,42,29,1.45,14.48275862,-50.05945303
Russia,4/1/03,41,31.1,1.31,15.12915129,-51.35321128
Russia,4/1/02,39,31.2,1.25,15.6626506,-49.79919679
Russia,4/1/01,35,28.9,1.21,13.77952756,-52.31997384
Russia,4/1/00,39.5,28.5,1.39,15.73705179,-44.78227441
Saudi Arabia,1/1/16,12,3.7543,3.196334869,2.434077079,-35.16562131
Saudi Arabia,7/1/15,12,3.75055,3.199530735,2.505219207,-33.20395124
Saudi Arabia,1/1/15,11,3.7569,2.927945913,2.296450939,-38.87378052
Saudi Arabia,7/1/14,11,3.75035,2.933059581,2.294056309,-38.83087422
Saudi Arabia,1/1/14,11,3.7504,2.933020478,2.378806992,-36.57191254
Saudi Arabia,7/1/13,10,3.7502,2.666524452,2.194586686,-41.48080939
Saudi Arabia,1/1/13,11,3.7502,2.933176897,2.518663391,-32.83922481
Saudi Arabia,7/1/12,10,3.75025,2.666488901,2.310803004,-38.38269438
Saudi Arabia,1/1/12,10,3.7502,2.666524452,2.382529389,-36.46927128
Saudi Arabia,7/1/11,10,3.7502,2.666524452,2.4600246,-34.40284251
Saudi Arabia,7/1/10,10,3.75045,2.666346705,2.678571429,-28.57999897
Saudi Arabia,1/1/10,10,3.7502,2.666524452,2.793296089,-25.51607676
Saudi Arabia,7/1/09,11,3.7504,2.933020478,3.081232493,-17.84256365
Saudi Arabia,6/1/08,10,3.74955,2.666986705,2.801120448,-25.29449005
Saudi Arabia,6/1/07,9,3.75045,2.399712035,2.639296188,-29.62721306
Saudi Arabia,1/1/07,9,3.749,2.400640171,2.795031056,-25.44595743
Saudi Arabia,5/1/06,9,3.749,2.400640171,2.903225806,-22.55999449
Saudi Arabia,6/1/05,9,3.7501,2.399936002,2.941176471,-21.5707189
Saudi Arabia,5/1/04,2.4,3.7502,0.639965868,0.827586207,-77.93221143
Singapore,1/1/16,4.7,1.43725,3.270133936,0.953346856,-33.66868283
Singapore,7/1/15,4.7,1.3664,3.43969555,0.981210856,-28.19007202
Singapore,1/1/15,4.7,1.33315,3.525484754,0.981210856,-26.39906568
Singapore,7/1/14,4.7,1.238,3.79644588,0.980187696,-20.82490343
Singapore,1/1/14,4.6,1.27885,3.596981663,0.994773833,-22.2134079
Singapore,7/1/13,4.7,1.2747,3.687142073,1.031455743,-19.08247097
Singapore,1/1/13,4.5,1.23485,3.644167308,1.030362296,-16.5597201
Singapore,7/1/12,4.4,1.2585,3.496225665,1.016753322,-19.20911229
Singapore,1/1/12,4.85,1.2928,3.75154703,1.155526753,-10.61828949
Singapore,7/1/11,4.41,1.20705,3.653535479,1.084870849,-10.12212844
Singapore,7/1/10,4.23,1.3742,3.078154563,1.133035714,-17.54943136
Singapore,1/1/10,4.45,1.39555,3.188706961,1.24301676,-10.92997314
Singapore,7/1/09,4.22,1.4645,2.881529532,1.182072829,-19.28488705
Singapore,6/1/08,3.95,1.35275,2.919977823,1.106442577,-18.20790412
Singapore,6/1/07,3.95,1.52375,2.592288761,1.158357771,-23.97980172
Singapore,1/1/07,3.6,1.53795,2.340778309,1.118012422,-27.30502147
Singapore,5/1/06,3.6,1.5873,2.268002268,1.161290323,-26.83863652
Singapore,1/1/06,3.6,1.6353,2.20143093,1.142857143,-30.11330381
Singapore,6/1/05,3.6,1.6607,2.167760583,1.176470588,-29.15815089
Singapore,5/1/04,3.3,1.71,1.92,1.137931034,-33.45432547
Singapore,4/1/03,3.3,1.78,1.85,1.217712177,-31.58920353
Singapore,4/1/02,3.3,1.82,1.81,1.325301205,-27.18125248
Singapore,4/1/01,3.3,1.81,1.82,1.299212598,-28.22029843
Singapore,4/1/00,3.2,1.7,1.88,1.274900398,-25.00585892
South Africa,1/1/16,28,15.81375,1.770611019,5.679513185,-64.08496919
South Africa,7/1/15,26,12.41455,2.094316749,5.427974948,-56.27731212
South Africa,1/1/15,25.5,11.47875,2.221496243,5.323590814,-53.62220787
South Africa,7/1/14,24.5,10.5145,2.330115555,5.109489051,-51.40530647
South Africa,1/1/14,23.5,10.87765,2.1603931,5.081996756,-53.2803799
South Africa,7/1/13,22.5,10.04725,2.239418746,4.937820044,-50.85401434
South Africa,1/1/13,20.9,9.047,2.310158063,4.785460443,-47.10444962
South Africa,7/1/12,19.95,8.4683,2.355844739,4.610051993,-45.56106901
South Africa,1/1/12,19.95,8.1304,2.453753813,4.75314613,-41.53859429
South Africa,7/1/11,19.45,6.76885,2.873457087,4.784747847,-29.31224879
South Africa,7/1/10,18.45,7.5365,2.448085982,4.941964286,-34.42626835
South Africa,1/1/10,17.95,7.3045,2.457389281,5.01396648,-31.35784132
South Africa,7/1/09,17.95,8.2805,2.167743494,5.028011204,-39.27889373
South Africa,6/1/08,16.95,7.56325,2.241100056,4.74789916,-37.22408806
South Africa,6/1/07,15.5,6.971,2.223497346,4.545454545,-34.79479923
South Africa,1/1/07,15.5,7.10975,2.180104786,4.813664596,-32.29488243
South Africa,5/1/06,13.95,6.597,2.114597544,4.5,-31.78717599
South Africa,1/1/06,13.95,6.0803,2.294294689,4.428571429,-27.16524796
South Africa,6/1/05,13.95,6.6482,2.098312325,4.558823529,-31.42770179
South Africa,5/1/04,12.4,6.66,1.86,4.275862069,-35.79786683
South Africa,4/1/03,13.95,7.56,1.74,5.147601476,-31.91003339
South Africa,4/1/02,9.7,10.9,0.87,3.895582329,-64.26071258
South Africa,4/1/01,9.7,8.13,1.19,3.818897638,-53.02708933
South Africa,4/1/00,9,6.72,1.34,3.585657371,-46.64200341
South Korea,1/1/16,4300,1197.75,3.590064705,872.2109533,-27.17921492
South Korea,7/1/15,4300,1143.5,3.760384784,897.7035491,-21.49509846
South Korea,1/1/15,4100,1083.3,3.784731838,855.9498956,-20.98680923
South Korea,7/1/14,4100,1023.75,4.004884005,855.0573514,-16.47791439
South Korea,1/1/14,3700,1067.3,3.466691652,800.1441701,-25.0309969
South Korea,7/1/13,3900,1135.7,3.434005459,855.8888076,-24.63777339
South Korea,1/1/13,3700,1085.475,3.408645984,847.186777,-21.95243769
South Korea,7/1/12,3700,1151,3.214596003,854.9971115,-25.71701898
South Korea,1/1/12,3700,1158.75,3.193096009,881.5358737,-23.92354919
South Korea,7/1/11,3700,1056.2,3.503124408,910.2091021,-13.82227778
South Korea,7/1/10,3400,1204.45,2.822865208,910.7142857,-24.38753907
South Korea,1/1/10,3400,1140.5,2.981148619,949.7206704,-16.72769221
South Korea,7/1/09,3400,1314.5,2.586534804,952.3809524,-27.5480447
South Korea,6/1/08,3200,1018.05,3.143264083,896.3585434,-11.95338702
South Korea,6/1/07,2900,922.5,3.143631436,850.4398827,-7.811394829
South Korea,1/1/07,2900,940.15,3.084614157,900.621118,-4.204529276
South Korea,5/1/06,2500,952.4,2.624947501,806.4516129,-15.32427416
South Korea,1/1/06,2500,977.45,2.557675584,793.6507937,-18.8039497
South Korea,6/1/05,2500,1005.5,2.486325211,816.9934641,-18.74754211
South Korea,5/1/04,3200,1177,2.72,1103.448276,-6.249084464
South Korea,4/1/03,3300,1220,2.63,1217.712177,-0.187526465
South Korea,4/1/02,3100,1304,2.36,1244.97992,-4.526079779
South Korea,4/1/01,3000,1325,2.27,1181.102362,-10.86019908
South Korea,4/1/00,3000,1108,2.71,1195.219124,7.871762049
Spain,1/1/16,3.5,0.930232558,3.7625,0.709939148,-23.68154158
Spain,7/1/15,3.65,0.912700224,3.9991225,0.762004175,-16.51101253
Spain,1/1/15,3.65,0.863073404,4.2290725,0.762004175,-11.71038622
Spain,7/1/14,3.65,0.742748914,4.9141775,0.761209593,2.485453597
Spain,1/1/14,3.65,0.737218475,4.9510425,0.789331411,7.068859254
Spain,7/1/13,3.5,0.777756173,4.500125,0.76810534,-1.240855889
Spain,1/1/13,3.5,0.736946829,4.749325,0.801392897,8.745009183
Spain,7/1/12,3.5,0.824844311,4.243225,0.808781051,-1.947429232
Spain,1/1/12,3.5,0.788239467,4.440275,0.833885286,5.790856805
Spain,7/1/11,3.5,0.697520315,5.017775,0.86100861,23.43849938
Sri Lanka,1/1/16,350,144.05,2.429711906,70.99391481,-50.71578285
Sri Lanka,7/1/15,350,133.85,2.614867389,73.06889353,-45.40986662
Sri Lanka,1/1/15,350,131.875,2.654028436,73.06889353,-44.59230823
Sri Lanka,7/1/14,350,130.255,2.687036966,72.99270073,-43.96168997
Sri Lanka,1/1/14,350,130.8,2.675840979,75.68931339,-42.13355245
Sri Lanka,7/1/13,370,130.8,2.828746177,81.19970739,-37.92071301
Sri Lanka,1/1/13,350,126.45,2.767892448,80.13928972,-36.62373292
Sri Lanka,7/1/12,290,131,2.213740458,67.01328712,-48.84481899
Sri Lanka,1/1/12,290,113.93,2.545422628,69.09335227,-39.35455783
Sri Lanka,7/1/11,280,109.475,2.557661567,68.88068881,-37.08089627
Sri Lanka,7/1/10,210,112.775,1.86211483,56.25,-50.12192419
Sri Lanka,1/1/10,210,114.86,1.828312729,58.82352941,-48.7867583
Sri Lanka,7/1/09,210,114.86,1.828312729,58.82352941,-48.7867583
Sri Lanka,6/1/08,210,107.55,1.952580195,58.82352941,-45.30587688
Sri Lanka,6/1/07,210,111.4,1.885098743,61.58357771,-44.71851193
Sri Lanka,1/1/07,190,102.955,1.845466466,59.00621118,-42.68737683
Sri Lanka,5/1/06,190,102.955,1.845466466,61.29032258,-40.46882368
Sri Lanka,6/1/05,175,99.945,1.75096303,57.18954248,-42.77898596
Sri Lanka,5/1/04,140,99,1.414141414,48.27586207,-51.23650296
Sweden,1/1/16,45,8.60185,5.231432773,9.127789047,6.114255034
Sweden,7/1/15,43.7,8.52265,5.127513156,9.123173278,7.046203677
Sweden,1/1/15,40.7,8.19145,4.968595304,8.496868476,3.728503208
Sweden,7/1/14,40.7,6.836,5.953774137,8.488008342,24.16630108
Sweden,1/1/14,40.7,6.47315,6.287510717,8.801585871,35.97067689
Sweden,7/1/13,41.61,6.7583,6.15687377,9.131675201,35.11793204
Sweden,1/1/13,40.55930138,6.3492,6.388096356,9.286838869,46.26785845
Sweden,7/1/12,39.97301987,6.9777,5.728681351,9.236977439,32.37854076
Sweden,1/1/12,41,6.9338,5.913063544,9.768370493,40.88047669
Sweden,7/1/11,48.4,6.3352,7.639853517,11.90651907,87.94227594
Sweden,7/1/10,48.4,7.37355,6.564002414,12.96428571,75.82149323
Sweden,1/1/10,39,7.0821,5.506841191,10.89385475,53.82237964
Sweden,7/1/09,39,7.90915,4.930997642,10.92436975,38.12318325
Sweden,6/1/08,38,5.96085,6.37492975,10.6442577,78.56946078
Sweden,6/1/07,33,6.79165,4.858907629,9.677419355,42.4899598
Sweden,1/1/07,32,7.04125,4.544647612,9.937888199,41.13812461
Sweden,5/1/06,33,7.28455,4.530135698,10.64516129,46.13340962
Sweden,1/1/06,33,7.7119,4.279101129,10.47619048,35.8444803
Sweden,6/1/05,31,7.4402,4.166554663,10.13071895,36.16191708
Sweden,5/1/04,30,7.61,3.94,10.34482759,35.9372876
Sweden,4/1/03,30,8.34,3.5,11.0701107,32.7351403
Sweden,4/1/02,26,10.4,2.52,10.44176707,0.401606426
Sweden,4/1/01,24,10.28,2.33,9.448818898,-8.085419284
Sweden,4/1/00,24,8.84,2.71,9.561752988,8.164626562
Switzerland,1/1/16,6.5,1.0088,6.443298969,1.318458418,30.69571945
Switzerland,7/1/15,6.5,0.9528,6.821998321,1.356993737,42.42167684
Switzerland,1/1/15,6.5,0.86165,7.543666222,1.356993737,57.48781256
Switzerland,7/1/14,6.16,0.9024,6.826241135,1.284671533,42.36165036
Switzerland,1/1/14,6.5,0.91005,7.1424647,1.405658677,54.45949972
Switzerland,7/1/13,6.5,0.9674,6.719040728,1.426481346,47.45517325
Switzerland,1/1/13,6.5,0.9123,7.124849282,1.488301095,63.13724595
Switzerland,7/1/12,6.5,0.9906,6.56167979,1.502021953,51.6274937
Switzerland,1/1/12,6.5,0.9551,6.805570097,1.548644103,62.14470762
Switzerland,7/1/11,6.5,0.80615,8.063015568,1.59901599,98.35216649
Switzerland,7/1/10,6.5,1.05085,6.185468906,1.741071429,65.68220284
Switzerland,1/1/10,6.5,1.03115,6.303641565,1.815642458,76.07937333
Switzerland,7/1/09,6.5,1.08605,5.984991483,1.820728291,67.64682025
Switzerland,6/1/08,6.5,1.02215,6.35914494,1.820728291,78.12730923
Switzerland,6/1/07,6.3,1.2112,5.201453104,1.847507331,52.53528165
Switzerland,1/1/07,6.3,1.2485,5.046055266,1.956521739,56.70979088
Switzerland,5/1/06,6.3,1.20885,5.21156471,2.032258065,68.11499065
Switzerland,1/1/06,6.3,1.2776,4.931120852,2,56.5435191
Switzerland,6/1/05,6.3,1.2475,5.0501002,2.058823529,65.03595426
Switzerland,5/1/04,6.3,1.29,4.9,2.172413793,68.40417001
Switzerland,4/1/03,6.3,1.37,4.52,2.324723247,69.68782827
Switzerland,4/1/02,6.3,1.66,3.81,2.530120482,52.4168965
Switzerland,4/1/01,6.3,1.73,3.65,2.480314961,43.37080697
Switzerland,4/1/00,5.9,1.7,3.48,2.35059761,38.27044762
Taiwan,1/1/16,69,33.2315,2.076343229,13.9959432,-57.88350449
Taiwan,7/1/15,79,31.02,2.546744036,16.49269311,-46.83206605
Taiwan,1/1/15,79,31.493,2.508493951,16.49269311,-47.63060645
Taiwan,7/1/14,79,29.982,2.634914282,16.47549531,-45.04871153
Taiwan,1/1/14,79,30.161,2.619276549,17.08415931,-43.35678755
Taiwan,7/1/13,79,30.0285,2.630834041,17.33723482,-42.2640664
Taiwan,1/1/13,75,29.502,2.542200529,17.17270494,-41.79138723
Taiwan,7/1/12,75,30.1955,2.483813813,17.33102253,-42.60395579
Taiwan,1/1/12,75,29.9795,2.501709501,17.86897041,-40.39603591
Taiwan,7/1/11,75,28.834,2.601095928,18.4501845,-36.01240028
Taiwan,7/1/10,75,32.1055,2.336048341,20.08928571,-37.42727659
Taiwan,1/1/10,75,31.8425,2.355342702,20.94972067,-34.2083044
Taiwan,7/1/09,75,33.1755,2.260704436,21.00840336,-36.67494578
Taiwan,6/1/08,75,30.3625,2.470152326,21.00840336,-30.80805809
Taiwan,6/1/07,75,32.7705,2.28864375,21.9941349,-32.88434752
Taiwan,1/1/07,75,32.9255,2.277869736,23.29192547,-29.25870384
Taiwan,5/1/06,75,32.141,2.333468156,24.19354839,-24.72683368
Taiwan,1/1/06,75,31.9495,2.347454577,23.80952381,-25.47763248
Taiwan,6/1/05,75,31.175,2.405773857,24.50980392,-21.37993931
Taiwan,5/1/04,75,33.4,2.24,25.86206897,-22.56865579
Taiwan,4/1/03,70,34.8,2.01,25.8302583,-25.77511982
Taiwan,4/1/02,70,34.8,2.01,28.1124498,-19.21709828
Taiwan,4/1/01,70,32.9,2.13,27.55905512,-16.23387502
Taiwan,4/1/00,70,30.6,2.29,27.88844622,-8.861286879
Thailand,1/1/16,112,36.22,3.092214246,22.71805274,-37.2776015
Thailand,7/1/15,108,34.0875,3.168316832,22.54697286,-33.8555985
Thailand,1/1/15,99,32.605,3.036344119,20.66805846,-36.61076996
Thailand,7/1/14,99,31.78,3.115166772,20.64650678,-35.03301832
Thailand,1/1/14,96,32.875,2.920152091,20.76049739,-36.85019806
Thailand,7/1/13,89,31.275,2.845723421,19.53182151,-37.54813267
Thailand,1/1/13,87,29.755,2.92387834,19.92033773,-33.05213332
Thailand,7/1/12,82,31.7,2.586750789,18.94858463,-40.22528507
Thailand,1/1/12,78,31.75,2.456692913,18.58372923,-41.46856935
Thailand,7/1/11,70,29.75,2.352941176,17.2201722,-42.11706823
Thailand,7/1/10,70,32.305,2.166847237,18.75,-41.959449
Thailand,1/1/10,70,33.135,2.11256979,19.55307263,-40.98967066
Thailand,7/1/09,64.49,34.165,1.887604273,18.06442577,-47.12593072
Thailand,6/1/08,62,33.36,1.858513189,17.36694678,-47.94080702
Thailand,6/1/07,62,34.455,1.799448556,18.18181818,-47.23024762
Thailand,1/1/07,62,35.3,1.756373938,19.25465839,-45.45422554
Thailand,5/1/06,60,38.445,1.560671089,19.35483871,-49.65577134
Thailand,1/1/06,60,39.755,1.50924412,19.04761905,-52.08748825
Thailand,6/1/05,60,40.53,1.4803849,19.60784314,-51.62140849
Thailand,5/1/04,59,40.8,1.45,20.34482759,-50.1352265
Thailand,4/1/03,59,42.7,1.37,21.77121771,-49.01354166
Thailand,4/1/02,55,43.3,1.27,22.08835341,-48.98763646
Thailand,4/1/01,55,45.5,1.21,21.65354331,-52.40979493
Thailand,4/1/00,55,38,1.45,21.9123506,-42.33591948
Turkey,1/1/16,10.25,3.0096,3.405768208,2.079107505,-30.91748056
Turkey,7/1/15,10.25,2.6457,3.874210984,2.139874739,-19.1187686
Turkey,1/1/15,9.25,2.33345,3.96408751,1.931106472,-17.24243194
Turkey,7/1/14,9.25,2.09125,4.423191871,1.929092805,-7.754079856
Turkey,1/1/14,8.5,2.26155,3.758484225,1.838169039,-18.72083131
Turkey,7/1/13,8.5,1.95745,4.342384224,1.865398683,-4.702613949
Turkey,1/1/13,8.45,1.76875,4.777385159,1.934791423,9.387500958
Turkey,7/1/12,8.25,1.8269,4.515846516,1.906412478,4.352316949
Turkey,1/1/12,6.6,1.86295,3.54276819,1.572469396,-15.5925067
Turkey,7/1/11,6.5,1.72285,3.772818295,1.59901599,-7.187741814
Turkey,7/1/10,5.95,1.5293,3.890668933,1.59375,4.214346433
Turkey,1/1/10,5.65,1.47455,3.831677461,1.578212291,7.030096674
Turkey,7/1/09,5.65,1.55005,3.645043708,1.582633053,2.102064657
Turkey,6/1/08,5.15,1.19275,4.317753092,1.442577031,20.94546475
Turkey,6/1/07,4.75,1.2981,3.659194207,1.392961877,7.307748003
Turkey,1/1/07,4.55,1.40975,3.22752261,1.413043478,0.233621441
Turkey,5/1/06,4.2,1.5415,2.724618878,1.35483871,-12.10906846
Turkey,1/1/06,4.1,1.3365,3.067714179,1.301587302,-2.612248291
Turkey,6/1/05,4,1.369,2.92184076,1.307189542,-4.515007854
Turkey,5/1/04,3950000,1531000,2.58,1362068.966,-11.0340323
Turkey,4/1/03,3750000,1600500,2.28,1383763.838,-13.54177834
Turkey,4/1/02,4000000,1324500,3.06,1606425.703,21.28544378
UAE,1/1/16,13,3.6731,3.53924478,2.636916836,-28.21004504
UAE,7/1/15,13,3.67295,3.539389319,2.713987474,-26.10878248
UAE,1/1/15,13,3.67305,3.539292958,2.713987474,-26.11079419
UAE,7/1/14,13,3.67305,3.539292958,2.711157456,-26.18784237
UAE,1/1/14,12,3.673,3.267084127,2.595062173,-29.34761303
UAE,7/1/13,12,3.673,3.267084127,2.633504023,-28.30100671
UAE,1/1/13,12,3.67305,3.267039654,2.74763279,-25.19478934
UAE,7/1/12,12,3.67295,3.267128602,2.772963605,-24.50309411
UAE,1/1/12,12,3.673,3.267084127,2.859035266,-22.16076052
UAE,7/1/11,12,3.67305,3.267039654,2.95202952,-19.63002082
UAE,7/1/10,11,3.67285,2.994949426,2.946428571,-19.77814037
UAE,1/1/10,11,3.673,2.994827117,3.072625698,-16.34561126
UAE,7/1/09,10,3.673,2.722570106,2.801120448,-23.73753204
UAE,6/1/08,10,3.67285,2.722681297,2.801120448,-23.73441746
UAE,6/1/07,10,3.67285,2.722681297,2.93255132,-20.15597371
UAE,1/1/07,10,3.6726,2.722866634,3.105590062,-15.43892441
UAE,5/1/06,9,3.6726,2.450579971,2.903225806,-20.94903321
UAE,6/1/05,9,3.6725,2.450646698,2.941176471,-19.91350659
Ukraine,1/1/16,36,23.35,1.541755889,7.302231237,-68.72706108
Ukraine,7/1/15,34,21.95,1.548974943,7.098121086,-67.66231852
Ukraine,1/1/15,19,15.822,1.200859563,3.966597077,-74.92986299
Ukraine,7/1/14,19,11.685,1.62601626,3.962460897,-66.08933764
Ukraine,1/1/14,19,8.379,2.267573696,4.108848441,-50.96254397
Ukraine,7/1/13,19,8.155,2.329858982,4.169714704,-48.86922497
Ukraine,1/1/13,19,8.144,2.333005894,4.350418585,-46.58130422
Ukraine,7/1/12,15,8.0855,1.85517284,3.466204506,-57.13061028
Ukraine,1/1/12,17,8.0405,2.114296375,4.05029996,-49.62626752
Ukraine,7/1/11,16.5,7.994,2.064048036,4.05904059,-49.22391055
Ukraine,7/1/10,14.5,7.899,1.835675402,3.883928571,-50.83012316
Ukraine,1/1/10,14,7.66,1.82767624,3.921568627,-48.80458711
Ukraine,7/1/09,14,7.66,1.82767624,3.921568627,-48.80458711
Ukraine,6/1/08,11,4.6,2.391304348,3.081232493,-33.01668493
Ukraine,6/1/07,9.25,5.0275,1.839880656,2.712609971,-46.04455553
Ukraine,1/1/07,9,5.05,1.782178218,2.795031056,-44.65285038
Ukraine,5/1/06,8.5,5.05,1.683168317,2.741935484,-45.70424784
Ukraine,6/1/05,7.25,5.06,1.432806324,2.369281046,-53.17626392
Ukraine,5/1/04,7.25,5.3315,1.359842446,2.5,-53.10888118
United States,1/1/16,4.93,1,4.93,1,0
United States,7/1/15,4.79,1,4.79,1,0
United States,1/1/15,4.79,1,4.79,1,0
United States,7/1/14,4.795,1,4.795,1,0
United States,1/1/14,4.624166667,1,4.624166667,1,0
United States,7/1/13,4.556666667,1,4.556666667,1,0
United States,1/1/13,4.367395833,1,4.367395833,1,0
United States,7/1/12,4.3275,1,4.3275,1,0
United States,1/1/12,4.19722,1,4.19722,1,0
United States,7/1/11,4.065,1,4.065,1,0
United States,7/1/10,3.733333333,1,3.73,1,0
United States,1/1/10,3.58,1,3.58,1,0
United States,7/1/09,3.57,1,3.57,1,0
United States,6/1/08,3.57,1,3.57,1,0
United States,6/1/07,3.41,1,3.41,1,0
United States,1/1/07,3.22,1,3.22,1,0
United States,5/1/06,3.1,1,3.1,1,0
United States,1/1/06,3.15,1,3.15,1,0
United States,6/1/05,3.06,1,3.06,1,0
United States,5/1/04,2.9,1,2.9,1,0
United States,4/1/03,2.71,1,2.71,1,0
United States,4/1/02,2.49,1,2.49,1,0
United States,4/1/01,2.54,1,2.54,1,0
United States,4/1/00,2.51,1,2.51,1,0
Uruguay,1/1/16,113,30.185,3.743581249,22.92089249,-24.06528907
Uruguay,7/1/15,113,27.345,4.13238252,23.5908142,-13.72896619
Uruguay,1/1/15,113,24.425,4.626407369,23.5908142,-3.415295
Uruguay,7/1/14,113,22.97,4.919460165,23.56621481,2.595623888
Uruguay,1/1/14,105,21.38,4.911131899,22.70679402,6.205771829
Uruguay,7/1/13,105,21.085,4.979843491,23.0431602,9.286982238
Uruguay,1/1/13,105,19.28,5.446058091,24.04178692,24.69806491
Uruguay,7/1/12,99,21.87,4.526748971,22.87694974,4.604251212
Uruguay,1/1/12,90,19.45,4.627249357,21.4427645,10.24557582
Uruguay,7/1/11,90,18.45,4.87804878,22.1402214,20.00120001
Uruguay,7/1/10,79,21.1,3.744075829,21.16071429,0.28774543
Uruguay,1/1/10,77,23.17,3.32326284,21.56862745,-6.911405045
Uruguay,7/1/09,61,23.17,2.632714717,17.08683473,-26.25448971
Uruguay,6/1/08,61,19.15,3.18537859,17.08683473,-10.77370896
Uruguay,6/1/07,62,23.945,2.58926707,18.18181818,-24.06841436
Uruguay,1/1/07,55,23.925,2.298850575,17.08074534,-28.60712501
Uruguay,5/1/06,42.28,23.925,1.767189133,13.63870968,-42.99389894
Uruguay,6/1/05,44,24.125,1.823834197,14.37908497,-40.39757526
Uruguay,5/1/04,29.8,29.735,1.002185976,10.27586207,-65.44186289
Venezuela,1/1/16,132,198.6986,0.664322748,26.77484787,-86.52489355
Venezuela,7/1/15,132,197,0.670050761,27.55741127,-86.01146636
Venezuela,1/1/15,132,52.1021,2.533487134,27.55741127,-47.1088281
Venezuela,7/1/14,75,11,6.818181818,15.64129301,42.19357285
Venezuela,1/1/14,45,6.2921,7.151825305,9.73148315,54.66192766
Venezuela,7/1/13,45,6.2921,7.151825305,9.875640088,56.95300596
Venezuela,1/1/13,39,4.29465,9.081065977,8.929806569,107.9286221
Venezuela,7/1/12,34,4.29465,7.91682675,7.856730214,82.94227035
Venezuela,1/1/12,30,4.29465,6.985435367,7.147588166,66.43005054
Venezuela,7/1/11,28,4.29465,6.519739676,6.888068881,60.3871999
Venezuela,6/1/07,7400,2147.3,3.446188236,2170.087977,1.061238604
Venezuela,1/1/07,6800,4125.278,1.648373758,2111.801242,-48.80826838
Venezuela,5/1/06,5701.25,2519.58,2.262777923,1839.112903,-27.00716376
Venezuela,1/1/06,5900,2615.92,2.255420655,1873.015873,-28.39934428
Venezuela,6/1/05,5600,2629.62,2.129585263,1830.065359,-30.40571035
Venezuela,5/1/04,4400,2977,1.48,1517.241379,-49.03455226
Venezuela,4/1/03,3700,1598,2.32,1365.313653,-14.56109805
Venezuela,4/1/02,2500,857,2.92,1004.016064,17.15473329
Vietnam,1/1/16,60000,22467.5,2.67052409,12170.3854,-45.83115435
Vietnam,7/1/15,60000,21810,2.751031637,12526.09603,-42.56718921
Vietnam,1/1/15,60000,21380,2.806361085,12526.09603,-41.41208591
Vietnam,7/1/14,60000,21230,2.826189355,12513.03441,-41.05965892
Vietnam,1/1/14,60000,21090,2.844950213,12975.31087,-38.47647763